species,n
Dryas octopetala subsp. hookeriana (Juz.) Hultén,1182
Phacelia sericea (Graham) A.Gray,1030
Saxifraga oppositifolia L.,871
Oxytropis podocarpa A.Gray,475
Smelowskia americana (Regel & Herder) Rydb.,454
Erigeron aureus Greene,432
Synthyris wyomingensis (A.Nelson) A.Heller,432
Saxifraga bronchialis L.,409
Cherleria obtusiloba (Rydb.) A.J.Moore & Dillenb.,381
Astragalus alpinus L.,362
Astragalus vexilliflexus E.Sheld.,332
Oxytropis campestris (L.) DC.,301
Erigeron compositus Pursh,272
Cerastium arvense L.,254
Salix nivalis Hook.,248
Potentilla diversifolia Lehm.,243
Myosotis asiatica (Vestergr.) Schischk. & Serg.,235
Sedum lanceolatum Torr.,219
Selaginella densa Rydb.,203
Achillea millefolium L.,181
Pinus albicaulis Engelm.,178
Eriogonum ovalifolium Nutt.,176
Larix lyallii Parl.,148
Penstemon confertus Douglas,141
Silene acaulis (L.) Jacq.,138
Saussurea nuda Ledeb.,135
Chamaenerion latifolium (L.) Sweet,120
Tonestus lyallii (A.Gray) A.Nels.,117
Micranthes occidentalis (S.Watson) Small,115
Elymus violaceus (Hornem.) J.Feilberg,114
Fragaria virginiana Duchesne,97
Sibbaldia procumbens L.,97
Chamaenerion angustifolium (L.) Scop.,95
Eriogonum umbellatum Torr.,95
Abies lasiocarpa (Hook.) Nutt.,93
Polemonium pulcherrimum Hook.,88
Bistorta vivipara (L.) Delarbre,87
Senecio fremontii Torr. & A.Gray,85
Androsace lehmanniana Spreng.,83
Veronica wormskjoldii Roem. & Schult.,71
Juniperus communis L.,70
Androsace septentrionalis L.,68
Carex albonigra Mack.,68
Penstemon ellipticus Coult. & Fisher,68
Saxifraga cernua L.,68
Castilleja rhexifolia Rydb.,65
Phyllodoce empetriformis (Sm.) D.Don,65
Senecio integerrimus Nutt.,62
Dasiphora fruticosa (L.) Rydb.,61
Anemone drummondii S.Watson,59
Arctostaphylos uva-ursi (L.) Spreng.,57
Oxyria digyna (L.) Hill,57
Phyllodoce glanduliflora (Hook.) Coville,56
Castilleja occidentalis Torr.,53
Draba incerta Payson,53
Senecio lugens Richards.,52
Solidago multiradiata Aiton,51
Carex obtusata Lilj.,50
Pulsatilla occidentalis (S.Watson) Freyn,50
Allium cernuum Roth,48
Carex phaeocephala Piper,47
Boechera lyallii (S.Watson) Dorn,46
Vaccinium scoparium Leiberg,46
Castilleja miniata Douglas,45
Cherleria biflora (L.) A.J.Moore & Dillenb.,44
Phleum alpinum L.,43
Arnica angustifolia Vahl,42
Campanula lasiocarpa Cham.,40
Festuca altaica Trin.,40
Hedysarum sulphurescens Rydb.,40
Elymus elymoides (Raf.) Swezey,39
Valeriana sitchensis Bong.,39
Carex lachenalii Schkuhr,38
Cystopteris fragilis (L.) Bernh.,38
Senecio triangularis Hook.,38
Askellia pygmaea (Ledeb.) Sennikov,37
Erigeron glacialis (Nutt.) A.Nels.,37
Poa alpina L.,37
Antennaria alpina (L.) Gaertn.,36
Artemisia norvegica Fr.,36
Arnica latifolia Bong.,35
Carex nigricans C.A.Mey.,35
Juncus drummondii E.Mey.,35
Salix reticulata L.,35
Anticlea elegans (Pursh) Rydb.,34
Draba novolympica Payson & H.St.John,33
Poa cusickii Vasey,33
Platanthera dilatata (Pursh) Lindl. ex L.C.Beck,32
Potentilla subgorodkovii Jurtzev,32
Agrostis variabilis Rydb.,31
Cerastium beeringianum Cham. & Schltdl.,31
Festuca brachyphylla Schult. & Schult.f.,31
Agoseris glauca (Nutt. ex Pursh) Raf.,30
Oxytropis splendens Douglas,30
Anemone parviflora Michx.,29
Cassiope mertensiana (Bong.) D.Don,29
Townsendia parryi Eaton,29
Carex atrosquama Mack.,28
Pedicularis bracteosa Benth.,28
Penstemon procerus Douglas ex Graham,28
Saxifraga cespitosa L.,28
Carex capitata L.,27
Carex pyrenaica subsp. pyrenaica,27
Saxifraga bronchialis subsp. austromontana (Wiegand) Piper,27
Silene parryi (S.Watson) C.L.Hitchc. & Maguire,27
Trisetum spicatum (L.) K.Richt.,27
Bromus pumpellianus Scribn.,26
Caltha leptosepala DC.,26
Eremogone capillaris (Poir.) Fenzl,26
Anemone multifida Poir.,25
Cardamine bellidifolia L.,25
Erigeron nivalis Nutt.,25
Carex spectabilis Dewey,24
Castilleja miniata Douglas ex Hook.,24
Cirsium hookerianum Nutt.,24
Draba crassifolia Graham,24
Hieracium triste Willd. ex Spreng.,24
Hierochloë alpina subsp. alpina,24
Rhodiola integrifolia subsp. integrifolia,24
Agoseris aurantiaca (Hook.) Greene,23
Carex nardina (Hornem.) Fr.,23
Diphasiastrum alpinum (L.) Holub,23
Equisetum arvense L.,23
Rhododendron albiflorum Hook.,23
Agrostis L.,22
Betula glandulosa Michx.,21
Carex media R.Br.,21
Gentiana glauca Pall.,21
Micranthes ferruginea (Graham) Brouillet & Gornall,21
Micranthes lyallii (Engl.) Small,21
Salix niphoclada Rydb.,21
Taraxacum ceratophorum (Ledeb.) DC.,21
Astragalus bourgovii A.Gray,20
Festuca ovina L.,20
Rubus arcticus subsp. acaulis (Michx.) Focke,20
Salix arctica Pall.,20
"Arabis kamtschatica Pall. ex Ledeb., 1841",19
Potentilla nivea L.,19
Saxifraga hyperborea R.Br.,19
Shepherdia canadensis (L.) Nutt.,19
Antennaria rosea Greene,18
Arnica ovata Greene,18
Artemisia michauxiana Besser,18
Carex rossii Boott,18
Empetrum nigrum L.,18
Packera pauciflora (Pursh) Á.Löve & D.Löve,18
Packera streptanthifolia (Greene) W.A.Weber & Á.Löve,18
Vahlodea atropurpurea (Wahlenb.) Fr.,18
Draba paysonii J.F.Macbr.,17
Erigeron humilis Graham,17
Luzula parviflora subsp. parviflora,17
Picea engelmannii Parry ex Engelm.,17
Poa interior Rydb.,17
Ranunculus eschscholtzii Schltdl.,17
Salix glauca L.,17
Vaccinium cespitosum Michx.,17
Antennaria media Greene,16
Carex macloviana d'Urv.,16
Carex myosuroides Vill.,16
Carex utriculata Boott,16
Cassiope tetragona (L.) D.Don,16
Draba nivalis Lilj.,16
Eremogone capillaris var. americana (Maguire) R.L.Hartm. & Rabeler,16
Luetkea pectinata (Pursh) Kuntze,16
Saxifraga cespitosa subsp. monticola (Small) A.E.Porsild,16
Antennaria monocephala subsp. angustata (Greene) Hultén,15
Calamagrostis canadensis subsp. canadensis,15
Festuca saximontana Rydb.,15
Lomatium macrocarpum (Hook. & Arn.) J.M.Coult. & Rose,15
Lupinus sellulus var. lobbii (A.Gray ex S.Watson) B.J.Cox,15
Micranthes nelsoniana var. porsildiana (Calder & Savile) Gornall & H.Ohba,15
Myosotis alpestris F.W.Schmidt,15
Penstemon davidsonii Greene,15
Pinus contorta Douglas ex Loudon,15
Polystichum lonchitis (L.) Roth,15
Rumex lapponicus (Hiitonen) Czernov,15
Salix barclayi Andersson,15
Agoseris aurantiaca var. aurantiaca,14
Aquilegia flavescens S.Watson,14
Arnica cordifolia Hook.,14
Boechera stricta (Graham) Al-Shehbaz,14
Danthonia intermedia Vasey,14
Draba oligosperma Hook.,14
Dryas octopetala L.,14
Eriophorum angustifolium Honck.,14
Phlox diffusa Benth.,14
Poa pratensis L.,14
Pulsatilla patens subsp. nuttalliana (DC.) Grey-Wilson,14
Sabulina rubella (Wahlenb.) Dillenb. & Kadereit,14
Stellaria longipes subsp. longipes,14
Draba lonchocarpa Rydb.,13
Equisetum variegatum subsp. variegatum,13
Petasites frigidus (L.) Fr.,13
Poa secunda subsp. secunda,13
Veratrum viride Aiton,13
Allium schoenoprasum L.,12
Arnica mollis Hook.,12
Carex magellanica subsp. irrigua (Wahlenb.) Hiitonen,12
Lonicera involucrata (Richards.) Banks ex Spreng.,12
Parnassia fimbriata Banks,12
Parnassia fimbriata K.D.Koenig,12
Pectiantia pentandra (Hook.) Rydb.,12
Poa wheeleri Vasey,12
Potentilla diversifolia var. perdissecta (Rydb.) C.L.Hitchc.,12
Salix brachycarpa Nutt.,12
Selaginella densa var. scopulorum (Maxon) R.M.Tryon,12
Spinulum annotinum subsp. annotinum,12
Vaccinium scoparium Leiberg ex Coville,12
Antennaria lanata (Hook.) Greene,11
Antennaria racemosa Hook.,11
Anticlea occidentalis (A.Gray) Zomlefer & Judd,11
Draba stenoloba Ledeb.,11
Geum macrophyllum Willd.,11
Luzula piperi (Coville) M.E.Jones,11
Phacelia hastata Douglas ex Lehm.,11
Poa arctica subsp. arctica,11
Potentilla villosa Pall. ex Pursh,11
Ribes lacustre (Pers.) Poir.,11
Saxifraga tricuspidata Rottb.,11
Stellaria longipes Goldie,11
Symphyotrichum foliaceum (DC.) G.L.Nesom,11
Arnica rydbergii Greene,10
Erigeron glacialis var. glacialis,10
Heracleum sphondylium subsp. elegans (Crantz) Schübl. & G.Martens,10
Huperzia haleakalae (Brack.) Holub,10
Micranthes tolmiei (Torr. & A.Gray) Brouillet & Gornall,10
Orthilia secunda (L.) House,10
Polemonium viscosum Nutt.,10
Saxifraga aizoides L.,10
Vaccinium membranaceum Douglas ex Torr.,10
Cardamine oligosperma Nutt.,9
Carex brunnescens subsp. brunnescens,9
Carex disperma Dewey,9
Carex saxatilis L.,9
Carex scirpoidea Michx.,9
Claytonia lanceolata Pursh,9
Erythronium grandiflorum Pursh,9
Koeleria cristata Kar. & Kir.,9
Luzula spicata (L.) DC.,9
Romanzoffia sitchensis Bong.,9
Sagina saginoides (L.) Karst.,9
Saxifraga adscendens subsp. oregonensis (Raf.) Bacig.,9
Trichophorum cespitosum subsp. cespitosum,9
Arnica angustifolia subsp. tomentosa (Macoun) G.W.Douglas & Ruyle-Douglas,8
Campanula alaskana (A.Gray) W.Wight ex J.P.Anderson,8
Carex pachystachya Cham. ex Steud.,8
Castilleja parviflora var. parviflora,8
Comastoma tenellum subsp. tenellum,8
Cypripedium parviflorum Salisb.,8
Erigeron ochroleucus Nutt.,8
Erigeron peregrinus (Pursh) Greene,8
Festuca baffinensis Polunin,8
Galium boreale L.,8
Lupinus nootkatensis Donn ex Sims,8
Moneses uniflora (L.) A.Gray,8
Platanthera stricta Lindl.,8
Poa palustris L.,8
Polemonium pulcherrimum var. pulcherrimum,8
Pyrola asarifolia Michx.,8
Pyrola asarifolia subsp. asarifolia,8
Pyrola minor L.,8
Salix cascadensis Cockerell,8
Trollius laxus Salisb.,8
Antennaria rosea subsp. pulvinata (Greene) R.J.Bayer,7
Lupinus lepidus Douglas ex Lindl.,7
Poa arctica R.Br.,7
Poa glauca Vahl,7
Salix brachycarpa var. brachycarpa,7
Sedum divergens S.Watson,7
Sedum lanceolatum subsp. lanceolatum,7
Tiarella trifoliata var. unifoliata (Hook.) Kurtz,7
"Trollius laxus subsp. albiflorus (A.Gray) Á.Löve, D.Löve & B.M.Kapoor",7
Agoseris Raf.,6
Agrostis idahoensis Nash,6
Agrostis mertensii Trin.,6
Anaphalis margaritacea (L.) Benth.,6
Botrychium pinnatum H.St.John,6
Calamagrostis purpurascens R.Br.,6
Capsella bursa-pastoris (L.) Medik.,6
Carex aquatilis var. aquatilis,6
Carex deflexa Hornem.,6
Carex hoodii Boott,6
Carex podocarpa R.Br. ex Richardson,6
Carex scirpoidea var. stenochlaena Holm,6
Castilleja parviflora Bong.,6
Epilobium anagallidifolium Lam.,6
Eriophorum brachyantherum Trautv. & C.A.Mey.,6
Erythranthe lewisii (Pursh) G.L.Nesom & N.S.Fraga,6
Festuca campestris Rydb.,6
Gaillardia aristata Pursh,6
Gentianella amarella (L.) Börner,6
Gentianella propinqua (Richardson) J.M.Gillett,6
Gymnocarpium dryopteris (L.) Newman,6
"Huperzia continentalis Testo, A.Haines & A.V.Gilman",6
Linnaea borealis L.,6
Lupinus lyallii A.Gray,6
Micranthes odontoloma (Piper) A.Heller,6
Osmorhiza berteroi DC.,6
Poa fendleriana (Steud.) Vasey,6
Poa paucispicula Scribn. & Merr.,6
Salix commutata Bebb,6
Saxifraga mertensiana Bong.,6
Taraxacum alaskanum Rydb.,6
Veratrum viride var. eschscholzianum (Roemer & Schultes) Breitung,6
Agoseris glauca var. dasycephala (Torr. & A.Gray) Jeps.,5
Arabidopsis lyrata subsp. kamchatica (Fisch. ex DC.) O'Kane & Al-Shehbaz,5
Arctostaphylos rubra (Rehder & E.H.Wilson) Fernald,5
Boechera lemmonii (S.Watson) W.A.Weber,5
Botrychium lunaria (L.) Sw.,5
Bromus carinatus Hook. & Arn.,5
Carex tahoensis Smiley,5
Cornus canadensis L.,5
Diphasiastrum sitchense (Rupr.) Holub,5
Dodecatheon conjugens Greene,5
Draba aurea M.Vahl ex Hornem.,5
Dryas drummondii Richardson ex Hook.,5
Erigeron speciosus (Lindl.) DC.,5
Eriogonum umbellatum var. majus Hook.,5
Festuca saximontana var. saximontana,5
Hedysarum alpinum L.,5
Huperzia selago subsp. selago,5
Kalmia microphylla var. microphylla,5
Lewisia pygmaea (Gray) B.L.Rob.,5
Lupinus arcticus S.Watson,5
Pedicularis ornithorhyncha Benth.,5
Physaria didymocarpa (Hook.) A.Gray,5
Salix vestita Pursh,5
Antennaria microphylla Rydb.,4
Antennaria umbrinella Rydb.,4
Anthoxanthum nitens (Weber) Y.Schouten & Veldkamp,4
Arnica L.,4
Arnica lanceolata subsp. prima (Maguire) Strother & S.J.Wolf,4
Arnica parryi A.Gray,4
Artemisia frigida Willd.,4
Astragalus miser Douglas,4
Botrychium minganense Vict.,4
Calamagrostis purpurea (Trin.) Trin.,4
Carex aquatilis Wahlenb.,4
Carex canescens subsp. canescens,4
Carex heteroneura var. heteroneura,4
Carex microptera Mack.,4
Carex preslii Steud.,4
Carex pyrenaica Wahlenb.,4
Castilleja purpurascens Greenman,4
Chamaenerion angustifolium subsp. angustifolium,4
Comarum palustre L.,4
Cystopteris fragilis var. fragilis,4
Epilobium L.,4
Fragaria virginiana subsp. platypetala (Rydb.) A.E.Murray,4
Fritillaria affinis (Schult. & Schult.f.) Sealy,4
Gentiana prostrata Haenke,4
Gentianella amarella subsp. amarella,4
Geranium richardsonii Fisch. & Trautv.,4
Geum triflorum var. ciliatum (Pursh) Fassett,4
Juncus mertensianus Bong.,4
Juncus parryi Engelm.,4
Lonicera involucrata var. involucrata,4
Luzula parviflora (Ehrh.) Desv.,4
Pedicularis groenlandica Retz.,4
Pedicularis sudetica Willd.,4
Penstemon fruticosus var. scouleri (Lindl.) Cronquist,4
Pinguicula vulgaris L.,4
Platanthera dilatata var. leucostachys (Lindl.) Hultén,4
Poa glauca subsp. rupicola (Nash) W.A.Weber,4
Polygonum douglasii Greene,4
Potentilla gracilis Douglas,4
Potentilla indica (Andr.) Wolf,4
Prosartes trachycarpa S.Watson,4
Prunus emarginata (Douglas ex Hook.) Walp.,4
Pyrola chlorantha Sw.,4
Ranunculus uncinatus D.Don,4
Rhinanthus minor L.,4
Rhodiola integrifolia Raf.,4
Rhododendron columbianum (Piper) Harmaja,4
Rhododendron groenlandicum (Oeder) Kron & Judd,4
Ribes viscosissimum Pursh,4
Rorippa curvipes Greene,4
Rubus pedatus Sm.,4
Salix L.,4
Salix hookeriana Barratt ex Hook.,4
Stellaria calycantha (Ledeb.) Bong.,4
Streptopus amplexifolius (L.) DC.,4
Taraxacum Weber,4
Trifolium repens L.,4
Tsuga mertensiana (Bong.) Carrière,4
Vaccinium deliciosum Piper,4
Vaccinium membranaceum Douglas ex Hook.,4
Vaccinium myrtillus L.,4
Vaccinium parvifolium Sm.,4
Valeriana dioica var. sylvatica (Sol. ex Richards.) S.Watson,4
Veronica americana (Raf.) Schwein. ex Benth.,4
Actaea rubra subsp. arguta (Nutt.) Hultén,3
Agrostis humilis Vasey,3
Agrostis scabra Willd.,3
Amelanchier alnifolia (Nutt.) Nutt. ex M.Roem.,3
Anthoxanthum monticola (Bigelow) Veldkamp,3
Aquilegia formosa Fisch. ex DC.,3
Aquilegia formosa var. formosa,3
Botrychium crenulatum Wagner,3
Braya humilis (C.A.Mey.) B.L.Rob.,3
Campanula uniflora Gorter,3
Cardamine umbellata Greene,3
Carex L.,3
Carex enanderi Hultén,3
Carex incurviformis Mack.,3
Carex plectocarpa F.J.Herm.,3
Cassiope tetragona subsp. saximontana (Small) Porsild,3
Castilleja septentrionalis Lindl.,3
Chamerion angustifolium subsp. angustifolium,3
Chrysosplenium tetrandrum (N.Lund) Th.Fr.,3
Corallorhiza trifida Châtel.,3
Cystopteris dickieana R.Sim,3
Draba borealis DC.,3
Draba cana Rydb.,3
Draba densifolia Nutt.,3
Draba lactea Adams,3
Draba macounii O.E.Schulz,3
Equisetum scirpoides Michx.,3
Equisetum variegatum subsp. alaskanum (A.A.Eaton) Hultén,3
Erigeron lanatus (A.Nels. & J.F.Macbr.) Hook.,3
Erigeron podolicus Besser,3
Eriocoma richardsonii (Link) Romasch.,3
Eriophorum scheuchzeri Hoppe,3
Eurybia sibirica subsp. sibirica,3
Gentianella amarella subsp. acuta (Michx.) Gillett,3
Hieracium scouleri Hook.,3
Juncus arcticus subsp. alaskanus Hultén,3
Juncus castaneus subsp. castaneus,3
Koenigia islandica L.,3
Leptarrhena pyrolifolia (D.Don) R.Br. ex Ser.,3
Luzula confusa Lindeb.,3
Luzula glabrata var. hitchcockii (Hämet-Ahti) Dorn,3
Micranthes lyallii subsp. hultenii (Calder & Savile) Elven & D.F.Murray,3
Micranthes lyallii subsp. lyallii,3
Micranthes tenuis (Wahlenb.) Small,3
Packera cana (Hook.) W.A.Weber & Á.Löve,3
Pedicularis contorta Benth.,3
Pedicularis labradorica Wirsing,3
Pedicularis racemosa Douglas ex Benth.,3
Penstemon albertinus Greene,3
Platanthera obtusata (Banks ex Pursh) Lindl.,3
Poa alpigena Lindm.,3
Poa angustifolia L.,3
Polygonum minimum S.Watson,3
Potentilla hyparctica Malte,3
Ranunculus hyperboreus subsp. hyperboreus,3
Ranunculus pygmaeus Wahlenb.,3
Rhododendron menziesii Craven,3
Sagina procumbens L.,3
Salix barrattiana Hook.,3
Senecio integerrimus var. exaltatus (Nutt.) Cronquist,3
Spiraea betulifolia Pall.,3
Veronica cusickii A.Gray,3
Actaea rubra (Aiton) Willd.,2
Agoseris glauca var. glauca,2
Agrostis canina L.,2
Agrostis thurberiana Hitchc.,2
Anaphalis margaritacea subsp. margaritacea,2
Aquilegia formosa Fisch.,2
Arabis nuttallii B.L.Rob.,2
Arabis pycnocarpa M.Hopkins,2
Arnica chamissonis Less.,2
Arnica fulgens Pursh,2
Arnica sororia Greene,2
Artemisia L.,2
Artemisia campestris L.,2
Artemisia norvegica subsp. saxatilis (Besser) H.M.Hall & Clem.,2
Asplenium viride Huds.,2
Astragalus L.,2
Astragalus americanus (Hook.) M.E.Jones,2
Astragalus robbinsii (Oakes) A.Gray,2
Astragalus robbinsii var. minor (Hook.) Barneby,2
Balsamorhiza sagittata (Pursh) Nutt.,2
Boechera divaricarpa (A.Nelson) A.Löve & D.Löve,2
Bromus anomalus Rupr. ex E.Fourn.,2
Bromus marginatus Nees ex Steud.,2
Bromus richardsonii Link,2
Calamagrostis canadensis (Michx.) P.Beauv.,2
Calamagrostis inexpansa A.Gray,2
Calamagrostis rubescens Buckley,2
Calypso bulbosa var. americana (R.Br.) Luer,2
Carex atrata L.,2
Carex haydeniana Olney,2
Carex macrochaeta C.A.Mey.,2
Carex micropoda C.A.Mey.,2
Carex scopulorum var. bracteosa (L.H.Bailey) F.J.Herm.,2
Castilleja L.fil.,2
Castilleja elmeri Fernald,2
Castilleja hispida var. hispida,2
Castilleja miniata var. miniata,2
Ceanothus velutinus Douglas,2
Cirsium edule Nutt.,2
Clematis occidentalis (Hornem.) DC.,2
Crepis atribarba subsp. atribarba,2
Delphinium glaucum S.Watson,2
Deschampsia P.Beauv.,2
Descurainia incisa (Engelm. ex A.Gray) Britton,2
Descurainia sophia (L.) Webb ex Prantl,2
Draba albertina Greene,2
Draba juvenilis Kom.,2
Drymocallis arguta (Pursh) Rydb.,2
Drymocallis glandulosa subsp. pseudorupestris (Rydb.) Soják,2
Elaeagnus commutata Bernh. ex Rydb.,2
Elymus elymoides subsp. californicus (J.G.Sm.) Barkworth,2
Elymus sajanensis (Nevski) Tzvelev,2
Elymus scribneri (Vasey) M.E.Jones,2
Epilobium hornemannii Rchb.,2
Epilobium hornemannii subsp. hornemannii,2
Epilobium lactiflorum Hausskn.,2
Equisetum pratense Ehrh.,2
Erigeron elatus (Hook.) Greene,2
Eriophorum angustifolium subsp. angustifolium,2
Erythranthe lutea (L.) G.L.Nesom,2
Eurybia sibirica (L.) G.L.Nesom,2
Exoacantha heterophylla Labill.,2
Galium trifidum L.,2
Geum L.,2
Gymnocarpium disjunctum (Rupr.) Ching,2
Habenaria longicorniculata J.Graham,2
Hackelia micrantha (Eastw.) J.L.Gentry,2
Hedysarum boreale Nutt.,2
Heracleum sphondylium L.,2
Huperzia Bernh.,2
Ipomopsis aggregata subsp. aggregata,2
Juncus balticus subsp. ater (Rydb.) Snogerup,2
Koeleria macrantha (Ledeb.) Schult.,2
Lomatium nudicaule (Pursh) J.M.Coult. & Rose,2
Lupinus latifolius Lindl. ex J.Agardh,2
Lupinus sericeus Pursh,2
Luzula arcuata (Wahlenb.) Sw.,2
Matricaria discoidea DC.,2
Mertensia oblongifolia (Nutt.) G.Don,2
Moehringia lateriflora (L.) Fenzl,2
Myosotis sylvatica Ehrh. ex Hoffm.,2
Neottia borealis (Morong) Szlach.,2
Osmorhiza depauperata Phil.,2
Oxytropis monticola A.Gray,2
Oxytropis sericea var. speciosa (Torr. & A.Gray) S.L.Welsh,2
Parnassia palustris L.,2
Pedicularis langsdorffii Fisch. ex Stev.,2
Pedicularis racemosa Douglas ex Hook.,2
Penstemon Schmidel,2
Penstemon davidsonii var. davidsonii,2
Penstemon davidsonii var. menziesii (D.D.Keck) Cronquist,2
Penstemon menziesii Hook.,2
Phacelia sericea subsp. sericea,2
Physematium scopulinum subsp. scopulinum,2
Platanthera blumei Lindl.,2
Potentilla arenosa (Turcz.) Juz.,2
Potentilla flabellifolia Hook. ex Torr. & A.Gray,2
Potentilla uniflora Ledeb.,2
Potentilla villosula Jurtzev,2
Ranunculus nivalis L.,2
"Ranunculus verecundus B.L.Rob., 1906",2
Rhododendron neoglandulosum Harmaja,2
Salix scouleriana Barratt,2
Salix tweedyi (Bebb ex Rose) Ball,2
Sambucus racemosa subsp. racemosa,2
Sambucus racemosa var. melanocarpa (A.Gray) Mc Minn,2
Sedum stenopetalum Pursh,2
Silene L.,2
Silene acaulis subsp. exscapa (All.) F.Vierh.,2
Silene uralensis (Rupr.) Bocquet,2
Streptopus lanceolatus (Aiton) Reveal,2
Symphoricarpos albus (L.) K.Koch,2
Symphoricarpos albus var. laevigatus (Fernald) S.F.Blake,2
Symphyotrichum ciliolatum (Lindl.) Á.Löve & D.Löve,2
Symphyotrichum foliaceum var. apricum (A.Gray) G.L.Nesom,2
Taraxacum officinale Weber ex Wiggins,2
Thalictrum dioicum L.,2
Thlaspi arvense L.,2
Tofieldia pusilla (Michx.) Pers.,2
Trisetum spicatum subsp. spicatum,2
Vaccinium L.,2
Vaccinium myrtilloides Michx.,2
Valeriana scouleri Rydb.,2
Veratrum L.,2
Veratrum album L.,2
Veronica alpina L.,2
Veronica serpyllifolia L.,2
Vicia cracca L.,2
Viola glabella Nutt.,2
Viola nephrophylla Greene,2
Viola selkirkii Pursh ex Goldie,2
Acer glabrum Torr.,1
Aconitum columbianum Nutt.,1
Amelanchier alnifolia (Nutt.) Nutt.,1
Anemone drummondii subsp. drummondii,1
Angelica arguta Nutt.,1
Angelica genuflexa Nutt.,1
Antennaria anaphaloides Rydb.,1
Arnica montana subsp. montana,1
Artemisia tripartita Rydb.,1
Blitum hastatum Rydb.,1
Botrychium lunaria var. lunaria,1
Botrychium montanum Wagner,1
Braya humilis subsp. humilis,1
Braya humilis subsp. maccallae J.G.Harris,1
Caltha leptosepala subsp. howellii (Huth) P.G.Sm.,1
Campanula uniflora L.,1
Carex athrostachya Olney,1
Carex canescens L.,1
Carex capillaris L.,1
Carex capitata Sol.,1
Carex concinnoides Mack.,1
Carex eburnea Boott,1
Carex geyeri Boott,1
Carex lenticularis Michx.,1
Carex paysonis Clokey,1
Carex praticola Rydb.,1
Carex scirpoidea var. pseudoscirpoidea (Rydb.) Cronquist,1
Carex scirpoidea var. scirpoidea,1
Castilleja cusickii Greenm.,1
Castilleja lutescens (Greenm.) Rydb.,1
Centaurea montana L.,1
Cerastium beeringianum subsp. earlei (Rydb.) Hultén,1
Cirsium arvense (L.) Scop.,1
Claytonia megarhiza (Gray) Parry ex S.Watson,1
Clematis occidentalis var. grosseserrata (Rydb.) J.S.Pringle,1
Corydalis aurea Willd.,1
Cryptogramma acrostichoides R.Br.,1
Cryptogramma cascadensis E.R.Alverson,1
Cryptogramma stelleri (S.G.Gmel.) Prantl,1
Cypripedium parviflorum var. pubescens (Willd.) O.W.Knight,1
Deschampsia cespitosa subsp. cespitosa,1
Descurainia Webb & Berthel.,1
Diphasiastrum Holub,1
"Doellingeria engelmannii (D.C.Eaton) Semple, Brouillet & G.A.Allen",1
Draba lanceolata Royle,1
Elymus glaucus Buckley,1
Epilobium minutum Lindl. ex Lehm.,1
Equisetum palustre L.,1
Equisetum variegatum Schleich.,1
Erigeron acris subsp. kamtschaticus (DC.) H.Hara,1
Erigeron grandiflorus Hook.,1
Erigeron pallens Cronquist,1
Erigeron purpuratus Greene,1
Eriogonum ovalifolium var. nivale (Canby ex Coville) M.E.Jones,1
Eriogonum umbellatum var. umbellatum,1
Erythranthe tilingii (Regel) G.L.Nesom,1
Festuca idahoensis Elmer,1
Festuca minutiflora Rydb.,1
Fragaria vesca L.,1
Galearis rotundifolia (Banks ex Pursh) R.M.Bateman,1
Gaultheria ovatifolia A.Gray,1
Gentianella propinqua subsp. propinqua,1
Geocaulon lividum (Richardson) Fernald,1
Geum calthifolium Menzies ex Sm.,1
Geum macrophyllum var. macrophyllum,1
Geum triflorum Pursh,1
Goodyera oblongifolia Raf.,1
Gypsophila paniculata L.,1
Huperzia selago (L.) Bernh. ex Schrank & Mart.,1
Hydrophyllum capitatum Douglas ex Benth.,1
Hypericum formosum Kunth,1
Isoetes echinospora Durieu,1
Juniperus communis var. kelleyi R.P.Adams,1
Kalmia microphylla (Hook.) A.Heller,1
Ligusticum canbyi (J.M.Coult. & Rose) J.M.Coult. & Rose,1
Lomatium brandegeei (J.M.Coult. & Rose) J.F.Macbr.,1
Lupinus L.,1
Lupinus arcticus subsp. subalpinus (Piper & B.L.Rob.) D.B.Dunn,1
Lupinus nootkatensis var. nootkatensis,1
Melica spectabilis Scribn.,1
Muhlenbergia thurberi (Scribn.) Rydb.,1
Orchidaceae,1
Oxytropis campestris var. cusickii (Greenm.) Barneby,1
Oxytropis campestris var. varians (Britton & Rydb.) Barneby,1
Oxytropis sericea Nutt ex Torr. & A.Gray,1
Papaver radicatum subsp. kluanensis (D.Löve) D.F.Murray,1
Parnassia kotzebuei Cham. & Schltdl. ex Spreng.,1
Paxistima myrsinites (Pursh) Raf.,1
Pedicularis bracteosa var. bracteosa,1
Penstemon pruinosus Douglas,1
Petasites frigidus var. palmatus (Aiton) Cronquist,1
Physaria didymocarpa subsp. didymocarpa,1
Picea engelmannii subsp. engelmannii,1
Pinguicula macroceras Pall. ex Link,1
Pinus contorta var. latifolia Engelm.,1
Platanthera aquilonis Sheviak,1
Platanthera huronensis Lindl.,1
Poa glauca subsp. glauca,1
Poa secunda J.Presl,1
Populus trichocarpa Torrey & A.Gray,1
Potentilla glaucophylla var. glaucophylla,1
Potentilla hyparctica subsp. elatior (Abrom.) Elven & D.F.Murray,1
Pseudathyrium alpestre (Hoppe) Newman,1
Ranunculus acris L.,1
Rhinanthus minor subsp. minor,1
Rosa acicularis subsp. sayi (Schwein.) W.H.Lewis,1
Rubus idaeus subsp. strigosus (Michx.) Focke,1
Sabulina austromontana (S.J.Wolf & Packer) Dillenb. & Kadereit,1
Sabulina verna subsp. verna,1
Salix arctica subsp. arctica,1
Salix myrtillifolia Andersson,1
Salix petrophila Rydb.,1
Salix planifolia Pursh,1
Salix sitchensis Sanson ex Bong.,1
Sambucus racemosa L.,1
Saxifraga flagellaris Sternb. & Willd.,1
Saxifraga flagellaris subsp. flagellaris,1
Saxifraga flagellaris subsp. setigera (Pursh) Tolm.,1
Saxifraga oppositifolia subsp. smalliana (Engl. & Irmsch.) Hultén,1
Silene douglasii Hook.,1
Smelowskia calycina (Stephan) C.A.Mey.,1
Solidago multiradiata subsp. multiradiata,1
Sorbus sitchensis M.Roem.,1
Spinulum annotinum (L.) A.Haines,1
Symphyotrichum Nees,1
Symphyotrichum foliaceum var. cusickii (A.Gray) Lesica,1
Thalictrum occidentale A.Gray,1
Triantha glutinosa (Michx.) Baker,1
Tsuga mertensiana subsp. mertensiana,1
Veronica wormskjoldii subsp. wormskjoldii,1
Viola adunca Sm.,1
Xerophyllum tenax (Pursh) Nutt.,1
